id,race_id,rider_id,team_id,status,bib_number,source_url,data_confidence,created_at,updated_at
2e4b204b-46e4-5463-a180-547d2616be0e,a0cfee7f-5789-5a71-9e03-a9cfe59d5c27,1b78ea0c-a9c2-5ab1-b8cb-7c095a24b29d,60354603-e2f0-5a69-9052-d7fca8fab34b,provisional,,https://www.procyclingstats.com/race/tour-de-france/2026/startlist,medium,2026-06-30T00:00:00Z,2026-06-30T00:00:00Z
a86108e2-e0be-58cb-90ce-5fe1cbe1892c,a0cfee7f-5789-5a71-9e03-a9cfe59d5c27,71e4df35-c770-59ab-b002-ec413c86c658,60354603-e2f0-5a69-9052-d7fca8fab34b,provisional,,https://www.procyclingstats.com/race/tour-de-france/2026/startlist,medium,2026-06-30T00:00:00Z,2026-06-30T00:00:00Z
42cdf67d-f941-5135-823d-496c145307ec,a0cfee7f-5789-5a71-9e03-a9cfe59d5c27,c8fed61c-3646-5e30-aabb-4a2827ab0f24,60354603-e2f0-5a69-9052-d7fca8fab34b,provisional,,https://www.procyclingstats.com/race/tour-de-france/2026/startlist,medium,2026-06-30T00:00:00Z,2026-06-30T00:00:00Z
39d7f030-2f06-529b-bdd6-f25b8eb24f8c,a0cfee7f-5789-5a71-9e03-a9cfe59d5c27,16beca97-2676-5565-b861-cc9a53653a68,60354603-e2f0-5a69-9052-d7fca8fab34b,provisional,,https://www.procyclingstats.com/race/tour-de-france/2026/startlist,medium,2026-06-30T00:00:00Z,2026-06-30T00:00:00Z
851dae25-40b1-5def-8902-7ba3643e26ad,a0cfee7f-5789-5a71-9e03-a9cfe59d5c27,630316fb-8ec4-5876-8ed5-f8e2be1b7ebb,60354603-e2f0-5a69-9052-d7fca8fab34b,provisional,,https://www.procyclingstats.com/race/tour-de-france/2026/startlist,medium,2026-06-30T00:00:00Z,2026-06-30T00:00:00Z
4d12a528-7fcc-51e0-9b12-9bf774640973,a0cfee7f-5789-5a71-9e03-a9cfe59d5c27,53808b47-d1f1-5bf4-a0b0-0dd410380e75,60354603-e2f0-5a69-9052-d7fca8fab34b,provisional,,https://www.procyclingstats.com/race/tour-de-france/2026/startlist,medium,2026-06-30T00:00:00Z,2026-06-30T00:00:00Z
56c6d5cc-5bc0-5697-97d6-59a33a2fad6f,a0cfee7f-5789-5a71-9e03-a9cfe59d5c27,3e4b7099-efc9-53a4-9872-cb31f992b5d4,60354603-e2f0-5a69-9052-d7fca8fab34b,provisional,,https://www.procyclingstats.com/race/tour-de-france/2026/startlist,medium,2026-06-30T00:00:00Z,2026-06-30T00:00:00Z
34e0ed64-a84b-5ffd-bbdc-046d1c556cb3,a0cfee7f-5789-5a71-9e03-a9cfe59d5c27,0d81c852-2151-51b9-897e-69d0575e61e8,60354603-e2f0-5a69-9052-d7fca8fab34b,provisional,,https://www.procyclingstats.com/race/tour-de-france/2026/startlist,medium,2026-06-30T00:00:00Z,2026-06-30T00:00:00Z
6fb3e154-3a5d-5b0e-8d4f-99930496ebed,a0cfee7f-5789-5a71-9e03-a9cfe59d5c27,999b6489-bc7a-5b3d-9cd4-e9108f8b9860,622f2c3b-e497-5265-a050-ff462d2f0821,provisional,,https://www.procyclingstats.com/race/tour-de-france/2026/startlist,medium,2026-06-30T00:00:00Z,2026-06-30T00:00:00Z
8aa92447-723d-53e0-a28e-5851f28a5ef4,a0cfee7f-5789-5a71-9e03-a9cfe59d5c27,14d287c7-ba9a-5c6e-8f99-e15aed6d9b39,622f2c3b-e497-5265-a050-ff462d2f0821,provisional,,https://www.procyclingstats.com/race/tour-de-france/2026/startlist,medium,2026-06-30T00:00:00Z,2026-06-30T00:00:00Z
9de293c7-a2a2-5f78-a747-31f35da89d23,a0cfee7f-5789-5a71-9e03-a9cfe59d5c27,3ffc4761-8bfd-587a-acd5-cee1dee0abb0,622f2c3b-e497-5265-a050-ff462d2f0821,provisional,,https://www.procyclingstats.com/race/tour-de-france/2026/startlist,medium,2026-06-30T00:00:00Z,2026-06-30T00:00:00Z
947fe7b4-1331-5b34-9569-c9bb64df0d1d,a0cfee7f-5789-5a71-9e03-a9cfe59d5c27,5ff084ff-b4a3-5d0c-a5cd-593be2c2fb3e,622f2c3b-e497-5265-a050-ff462d2f0821,provisional,,https://www.procyclingstats.com/race/tour-de-france/2026/startlist,medium,2026-06-30T00:00:00Z,2026-06-30T00:00:00Z
27a6a45d-c995-5c2f-b041-0537982dedad,a0cfee7f-5789-5a71-9e03-a9cfe59d5c27,17364d30-0e18-5696-9e49-bc6e4486f411,622f2c3b-e497-5265-a050-ff462d2f0821,provisional,,https://www.procyclingstats.com/race/tour-de-france/2026/startlist,medium,2026-06-30T00:00:00Z,2026-06-30T00:00:00Z
902c69e1-f099-589a-b885-d5e8e016c708,a0cfee7f-5789-5a71-9e03-a9cfe59d5c27,38d43df3-2b14-5381-a0d9-a99950e533b2,622f2c3b-e497-5265-a050-ff462d2f0821,provisional,,https://www.procyclingstats.com/race/tour-de-france/2026/startlist,medium,2026-06-30T00:00:00Z,2026-06-30T00:00:00Z
0aff286a-56d7-5267-8583-aa5a3cef8a85,a0cfee7f-5789-5a71-9e03-a9cfe59d5c27,3cfd28d5-505c-533f-ad4d-50ebcc2a2ced,622f2c3b-e497-5265-a050-ff462d2f0821,provisional,,https://www.procyclingstats.com/race/tour-de-france/2026/startlist,medium,2026-06-30T00:00:00Z,2026-06-30T00:00:00Z
3ff00a7a-6195-53e0-aae5-656d15341ca3,a0cfee7f-5789-5a71-9e03-a9cfe59d5c27,36382174-dbfd-586d-b710-e6f5fda21952,622f2c3b-e497-5265-a050-ff462d2f0821,provisional,,https://www.procyclingstats.com/race/tour-de-france/2026/startlist,medium,2026-06-30T00:00:00Z,2026-06-30T00:00:00Z
1bb3ee2d-cd5a-5a2e-87aa-6dc7b0325c34,a0cfee7f-5789-5a71-9e03-a9cfe59d5c27,b4333ee2-bdf5-59e3-8065-023becbc16e0,1ac9b6a0-06f7-5273-a337-43d1a9969627,provisional,,https://www.procyclingstats.com/race/tour-de-france/2026/startlist,medium,2026-06-30T00:00:00Z,2026-06-30T00:00:00Z
6f8b9ab8-feee-5258-a931-9e57a995c7e7,a0cfee7f-5789-5a71-9e03-a9cfe59d5c27,2e3c025a-44af-5bde-bdbd-91ac51b3b00b,1ac9b6a0-06f7-5273-a337-43d1a9969627,provisional,,https://www.procyclingstats.com/race/tour-de-france/2026/startlist,medium,2026-06-30T00:00:00Z,2026-06-30T00:00:00Z
7401a9ec-f5fa-5878-8a28-1e594c40bbc9,a0cfee7f-5789-5a71-9e03-a9cfe59d5c27,7b4ed48f-d0b1-503a-aa13-f160b63f3ba0,1ac9b6a0-06f7-5273-a337-43d1a9969627,provisional,,https://www.procyclingstats.com/race/tour-de-france/2026/startlist,medium,2026-06-30T00:00:00Z,2026-06-30T00:00:00Z
ec93e324-cbe3-5d53-9312-b632cce857de,a0cfee7f-5789-5a71-9e03-a9cfe59d5c27,9602fd53-2fca-5397-beb9-49c06bc31130,1ac9b6a0-06f7-5273-a337-43d1a9969627,provisional,,https://www.procyclingstats.com/race/tour-de-france/2026/startlist,medium,2026-06-30T00:00:00Z,2026-06-30T00:00:00Z
2d7b84e3-7e18-53ad-85ef-456068cc5243,a0cfee7f-5789-5a71-9e03-a9cfe59d5c27,d25c48fd-f9cf-58be-9d71-06cbcc3fe6ca,1ac9b6a0-06f7-5273-a337-43d1a9969627,provisional,,https://www.procyclingstats.com/race/tour-de-france/2026/startlist,medium,2026-06-30T00:00:00Z,2026-06-30T00:00:00Z
9b892f53-815e-59c6-929f-7c261aad33b9,a0cfee7f-5789-5a71-9e03-a9cfe59d5c27,919c0489-9720-5e69-b8e5-3a50cf0c24c9,1ac9b6a0-06f7-5273-a337-43d1a9969627,provisional,,https://www.procyclingstats.com/race/tour-de-france/2026/startlist,medium,2026-06-30T00:00:00Z,2026-06-30T00:00:00Z
0a0bb222-8536-5deb-9a6a-a9503327bc23,a0cfee7f-5789-5a71-9e03-a9cfe59d5c27,532cced5-b9a6-55c7-bcef-32a9481e8f1f,1ac9b6a0-06f7-5273-a337-43d1a9969627,provisional,,https://www.procyclingstats.com/race/tour-de-france/2026/startlist,medium,2026-06-30T00:00:00Z,2026-06-30T00:00:00Z
8658d37e-2f11-54e7-8e6c-fa64d5c85d8a,a0cfee7f-5789-5a71-9e03-a9cfe59d5c27,48389352-0d62-52f9-ade1-9c372cd6a14b,1ac9b6a0-06f7-5273-a337-43d1a9969627,provisional,,https://www.procyclingstats.com/race/tour-de-france/2026/startlist,medium,2026-06-30T00:00:00Z,2026-06-30T00:00:00Z
cfdf34d8-a624-5905-9b66-fa07fbb6edc1,a0cfee7f-5789-5a71-9e03-a9cfe59d5c27,6f99ee46-4301-554d-9c0c-23a1e9c1d855,38471901-a349-526c-91dc-1635ad999cce,provisional,,https://www.procyclingstats.com/race/tour-de-france/2026/startlist,medium,2026-06-30T00:00:00Z,2026-06-30T00:00:00Z
6e995ce7-fe19-554b-9731-7c5eb42b6dc4,a0cfee7f-5789-5a71-9e03-a9cfe59d5c27,c35edc9b-616f-520b-bfa8-1ab7f3144b21,38471901-a349-526c-91dc-1635ad999cce,provisional,,https://www.procyclingstats.com/race/tour-de-france/2026/startlist,medium,2026-06-30T00:00:00Z,2026-06-30T00:00:00Z
cb5f9e56-3e77-5e7d-afa5-3f38bdef4daf,a0cfee7f-5789-5a71-9e03-a9cfe59d5c27,70e3c3b3-ea1b-5984-beb2-e4ad06ead6b3,38471901-a349-526c-91dc-1635ad999cce,provisional,,https://www.procyclingstats.com/race/tour-de-france/2026/startlist,medium,2026-06-30T00:00:00Z,2026-06-30T00:00:00Z
6f65865c-2269-5fea-b690-1d4066852f5a,a0cfee7f-5789-5a71-9e03-a9cfe59d5c27,fb02b43c-955b-5585-9c86-b8c870205a38,38471901-a349-526c-91dc-1635ad999cce,provisional,,https://www.procyclingstats.com/race/tour-de-france/2026/startlist,medium,2026-06-30T00:00:00Z,2026-06-30T00:00:00Z
7f5cffc7-3e12-532e-86e5-43e553d48c73,a0cfee7f-5789-5a71-9e03-a9cfe59d5c27,227f4958-4c14-5f0b-82de-b9a9ee34bf62,38471901-a349-526c-91dc-1635ad999cce,provisional,,https://www.procyclingstats.com/race/tour-de-france/2026/startlist,medium,2026-06-30T00:00:00Z,2026-06-30T00:00:00Z
7dc805bc-8942-5be2-8a23-4afb60712332,a0cfee7f-5789-5a71-9e03-a9cfe59d5c27,3644771b-9bd4-55ac-bd91-10defe60dff4,38471901-a349-526c-91dc-1635ad999cce,provisional,,https://www.procyclingstats.com/race/tour-de-france/2026/startlist,medium,2026-06-30T00:00:00Z,2026-06-30T00:00:00Z
3d68a442-6887-5836-bce6-f25e3c8ac4c3,a0cfee7f-5789-5a71-9e03-a9cfe59d5c27,7e3e0a1a-b054-5a40-9ce1-d637d7c469b6,38471901-a349-526c-91dc-1635ad999cce,provisional,,https://www.procyclingstats.com/race/tour-de-france/2026/startlist,medium,2026-06-30T00:00:00Z,2026-06-30T00:00:00Z
86e79fc7-84c0-5ff7-be18-40cdfb7aaf59,a0cfee7f-5789-5a71-9e03-a9cfe59d5c27,8a09088c-10aa-513b-b74b-f95caecddcfb,38471901-a349-526c-91dc-1635ad999cce,provisional,,https://www.procyclingstats.com/race/tour-de-france/2026/startlist,medium,2026-06-30T00:00:00Z,2026-06-30T00:00:00Z
2fe47291-2b0a-551d-b01a-86fac06c18a9,a0cfee7f-5789-5a71-9e03-a9cfe59d5c27,336238ff-f0b4-5004-beff-2643f9123e13,16d50532-d9cf-5f99-8132-5470112dafe8,provisional,,https://www.procyclingstats.com/race/tour-de-france/2026/startlist,medium,2026-06-30T00:00:00Z,2026-06-30T00:00:00Z
875e0ce3-6679-5328-bbce-a175c03ace57,a0cfee7f-5789-5a71-9e03-a9cfe59d5c27,a3129470-14f7-5edb-be80-d87a948dca08,16d50532-d9cf-5f99-8132-5470112dafe8,provisional,,https://www.procyclingstats.com/race/tour-de-france/2026/startlist,medium,2026-06-30T00:00:00Z,2026-06-30T00:00:00Z
a50cc1d8-ab41-57e0-8db9-59ec7545b753,a0cfee7f-5789-5a71-9e03-a9cfe59d5c27,178d1fff-ca29-5f23-9c5f-5fa45e8c1d89,16d50532-d9cf-5f99-8132-5470112dafe8,provisional,,https://www.procyclingstats.com/race/tour-de-france/2026/startlist,medium,2026-06-30T00:00:00Z,2026-06-30T00:00:00Z
52914254-0b7b-5a2d-ace3-80e1fc051d51,a0cfee7f-5789-5a71-9e03-a9cfe59d5c27,379c4cb7-33a2-5c8d-a774-db0204417ed9,16d50532-d9cf-5f99-8132-5470112dafe8,provisional,,https://www.procyclingstats.com/race/tour-de-france/2026/startlist,medium,2026-06-30T00:00:00Z,2026-06-30T00:00:00Z
dae92d70-d5ad-5850-a36b-09ed1507130d,a0cfee7f-5789-5a71-9e03-a9cfe59d5c27,7ab2721d-5582-5bb5-a876-a4d610da45e0,16d50532-d9cf-5f99-8132-5470112dafe8,provisional,,https://www.procyclingstats.com/race/tour-de-france/2026/startlist,medium,2026-06-30T00:00:00Z,2026-06-30T00:00:00Z
96ed1eba-24de-583a-9593-7a1313d60482,a0cfee7f-5789-5a71-9e03-a9cfe59d5c27,8a4ecb70-c0aa-517c-90ef-68123f34328e,16d50532-d9cf-5f99-8132-5470112dafe8,provisional,,https://www.procyclingstats.com/race/tour-de-france/2026/startlist,medium,2026-06-30T00:00:00Z,2026-06-30T00:00:00Z
4834986c-6b8b-518f-8355-5f0639299493,a0cfee7f-5789-5a71-9e03-a9cfe59d5c27,1cc3588f-715e-5258-8452-6aed5b45d891,16d50532-d9cf-5f99-8132-5470112dafe8,provisional,,https://www.procyclingstats.com/race/tour-de-france/2026/startlist,medium,2026-06-30T00:00:00Z,2026-06-30T00:00:00Z
29a6af8d-4da1-5bcf-bdc8-627cf1df5fe3,a0cfee7f-5789-5a71-9e03-a9cfe59d5c27,93fe8fae-dbfd-536a-b12b-7a3abc54ff9a,16d50532-d9cf-5f99-8132-5470112dafe8,provisional,,https://www.procyclingstats.com/race/tour-de-france/2026/startlist,medium,2026-06-30T00:00:00Z,2026-06-30T00:00:00Z
4c410ec1-6e98-5b8c-a60d-4ac6d0ff6a4d,a0cfee7f-5789-5a71-9e03-a9cfe59d5c27,d9d5f4a3-63ac-538b-b5cb-6f5acaec3faf,fbe453f6-58f6-5db0-85a0-85e608d3b87b,provisional,,https://www.procyclingstats.com/race/tour-de-france/2026/startlist,medium,2026-06-30T00:00:00Z,2026-06-30T00:00:00Z
f9b5adc6-3c15-54a8-9abf-715f2fd6f278,a0cfee7f-5789-5a71-9e03-a9cfe59d5c27,262fc7c9-0161-525f-a06e-e97029a5cd56,fbe453f6-58f6-5db0-85a0-85e608d3b87b,provisional,,https://www.procyclingstats.com/race/tour-de-france/2026/startlist,medium,2026-06-30T00:00:00Z,2026-06-30T00:00:00Z
b00d5760-d240-5407-b0b8-74b26cd74fc6,a0cfee7f-5789-5a71-9e03-a9cfe59d5c27,98c6c402-8279-5fd8-8c39-4ce09692b5be,fbe453f6-58f6-5db0-85a0-85e608d3b87b,provisional,,https://www.procyclingstats.com/race/tour-de-france/2026/startlist,medium,2026-06-30T00:00:00Z,2026-06-30T00:00:00Z
fe6d8ca6-9859-5330-a029-b4309999a6e1,a0cfee7f-5789-5a71-9e03-a9cfe59d5c27,45867e91-cd61-5189-af56-84c2ec3e85ef,fbe453f6-58f6-5db0-85a0-85e608d3b87b,provisional,,https://www.procyclingstats.com/race/tour-de-france/2026/startlist,medium,2026-06-30T00:00:00Z,2026-06-30T00:00:00Z
2a528596-addf-5e25-ac58-f3be74efbdc9,a0cfee7f-5789-5a71-9e03-a9cfe59d5c27,82501024-2eae-58ad-a1ab-9cbebd57d3fb,fbe453f6-58f6-5db0-85a0-85e608d3b87b,provisional,,https://www.procyclingstats.com/race/tour-de-france/2026/startlist,medium,2026-06-30T00:00:00Z,2026-06-30T00:00:00Z
9ace07e0-0604-5775-9796-0bb75de0dcfb,a0cfee7f-5789-5a71-9e03-a9cfe59d5c27,e860a231-a46e-5d7b-bf16-e79de19e6db4,fbe453f6-58f6-5db0-85a0-85e608d3b87b,provisional,,https://www.procyclingstats.com/race/tour-de-france/2026/startlist,medium,2026-06-30T00:00:00Z,2026-06-30T00:00:00Z
aa4a9603-675f-59a1-9d09-2d43b024e1fa,a0cfee7f-5789-5a71-9e03-a9cfe59d5c27,a650c970-451d-5e46-931f-eac574e3a3fd,fbe453f6-58f6-5db0-85a0-85e608d3b87b,provisional,,https://www.procyclingstats.com/race/tour-de-france/2026/startlist,medium,2026-06-30T00:00:00Z,2026-06-30T00:00:00Z
d126474e-55cc-5bda-8fa3-1189b0910811,a0cfee7f-5789-5a71-9e03-a9cfe59d5c27,13d9f9b1-2a84-5049-be9a-eba1b70e4112,fbe453f6-58f6-5db0-85a0-85e608d3b87b,provisional,,https://www.procyclingstats.com/race/tour-de-france/2026/startlist,medium,2026-06-30T00:00:00Z,2026-06-30T00:00:00Z
affdfa4a-da60-5a7a-b96a-697af42d6618,a0cfee7f-5789-5a71-9e03-a9cfe59d5c27,77946d3e-250c-52f4-af44-d6ea05c2f57e,2f0395c4-d1e5-5a3d-baa2-e99cbfc779fb,provisional,,https://www.procyclingstats.com/race/tour-de-france/2026/startlist,medium,2026-06-30T00:00:00Z,2026-06-30T00:00:00Z
b0cf0423-0738-5660-a4e8-17888bd4d985,a0cfee7f-5789-5a71-9e03-a9cfe59d5c27,d1c8fa4a-9cab-53ea-8e33-c43402eda349,2f0395c4-d1e5-5a3d-baa2-e99cbfc779fb,provisional,,https://www.procyclingstats.com/race/tour-de-france/2026/startlist,medium,2026-06-30T00:00:00Z,2026-06-30T00:00:00Z
ca39041a-892a-51c4-8d4a-bc63e6607d81,a0cfee7f-5789-5a71-9e03-a9cfe59d5c27,6f4cbb71-d7e1-5bbb-aed4-4d4884aabe93,2f0395c4-d1e5-5a3d-baa2-e99cbfc779fb,provisional,,https://www.procyclingstats.com/race/tour-de-france/2026/startlist,medium,2026-06-30T00:00:00Z,2026-06-30T00:00:00Z
0394690e-d353-5781-8c9d-c14fa6fdc996,a0cfee7f-5789-5a71-9e03-a9cfe59d5c27,2cc1972e-8505-5629-bebd-9e57076d4e94,2f0395c4-d1e5-5a3d-baa2-e99cbfc779fb,provisional,,https://www.procyclingstats.com/race/tour-de-france/2026/startlist,medium,2026-06-30T00:00:00Z,2026-06-30T00:00:00Z
2d4d9bd2-b848-5037-92b9-e443e217d0b2,a0cfee7f-5789-5a71-9e03-a9cfe59d5c27,7adfbf0e-f66a-5b31-8949-3e5563fd69f4,2f0395c4-d1e5-5a3d-baa2-e99cbfc779fb,provisional,,https://www.procyclingstats.com/race/tour-de-france/2026/startlist,medium,2026-06-30T00:00:00Z,2026-06-30T00:00:00Z
0f52e0c3-0c34-5719-8ac2-4037fa8a5010,a0cfee7f-5789-5a71-9e03-a9cfe59d5c27,d6816ca2-edbe-555b-af11-fedadd2d8daf,2f0395c4-d1e5-5a3d-baa2-e99cbfc779fb,provisional,,https://www.procyclingstats.com/race/tour-de-france/2026/startlist,medium,2026-06-30T00:00:00Z,2026-06-30T00:00:00Z
f47b4505-3896-5060-bb26-d50ceebc6165,a0cfee7f-5789-5a71-9e03-a9cfe59d5c27,19214a4f-1fa4-51fc-bd3b-7bf4984c9aa4,a2a3656f-93f1-53c2-bb18-b9c8656f6d9b,provisional,,https://www.procyclingstats.com/race/tour-de-france/2026/startlist,medium,2026-06-30T00:00:00Z,2026-06-30T00:00:00Z
33f0b937-ecac-5e0f-924e-eb72f9f732ba,a0cfee7f-5789-5a71-9e03-a9cfe59d5c27,97f3320e-63f9-5b67-8cce-d2388db6c3c6,a2a3656f-93f1-53c2-bb18-b9c8656f6d9b,provisional,,https://www.procyclingstats.com/race/tour-de-france/2026/startlist,medium,2026-06-30T00:00:00Z,2026-06-30T00:00:00Z
7df9f1ff-7d43-568b-a902-ea10bc967639,a0cfee7f-5789-5a71-9e03-a9cfe59d5c27,d01e9ae3-faa8-5fcd-a403-e4c0d95db31e,a2a3656f-93f1-53c2-bb18-b9c8656f6d9b,provisional,,https://www.procyclingstats.com/race/tour-de-france/2026/startlist,medium,2026-06-30T00:00:00Z,2026-06-30T00:00:00Z
2785b830-b549-53b6-8e9f-b86382b39630,a0cfee7f-5789-5a71-9e03-a9cfe59d5c27,02c694eb-1507-5c67-a0a6-b799ab9fa035,a2a3656f-93f1-53c2-bb18-b9c8656f6d9b,provisional,,https://www.procyclingstats.com/race/tour-de-france/2026/startlist,medium,2026-06-30T00:00:00Z,2026-06-30T00:00:00Z
da9780f3-3be9-551c-b41b-517726b7c015,a0cfee7f-5789-5a71-9e03-a9cfe59d5c27,c6e3fb2e-4dab-5107-82d9-7ffd9c0a667e,a2a3656f-93f1-53c2-bb18-b9c8656f6d9b,provisional,,https://www.procyclingstats.com/race/tour-de-france/2026/startlist,medium,2026-06-30T00:00:00Z,2026-06-30T00:00:00Z
5f4e7585-b557-5dda-a022-c713eb7552a7,a0cfee7f-5789-5a71-9e03-a9cfe59d5c27,8eab81d1-9a40-58fd-8e38-c775a767469a,a2a3656f-93f1-53c2-bb18-b9c8656f6d9b,provisional,,https://www.procyclingstats.com/race/tour-de-france/2026/startlist,medium,2026-06-30T00:00:00Z,2026-06-30T00:00:00Z
d36bb392-be8c-5e06-9fe2-87c46f4622bd,a0cfee7f-5789-5a71-9e03-a9cfe59d5c27,0bc6c7e8-e703-59e1-92b1-68a38ed2b474,a2a3656f-93f1-53c2-bb18-b9c8656f6d9b,provisional,,https://www.procyclingstats.com/race/tour-de-france/2026/startlist,medium,2026-06-30T00:00:00Z,2026-06-30T00:00:00Z
0eff1ffc-f0db-528b-85dc-9c902b6df86b,a0cfee7f-5789-5a71-9e03-a9cfe59d5c27,565f110d-d7ad-5714-9406-51763964e3b9,a2a3656f-93f1-53c2-bb18-b9c8656f6d9b,provisional,,https://www.procyclingstats.com/race/tour-de-france/2026/startlist,medium,2026-06-30T00:00:00Z,2026-06-30T00:00:00Z
f864002b-e664-5441-b612-5346726578fa,a0cfee7f-5789-5a71-9e03-a9cfe59d5c27,5a2248a9-0387-5da7-b6b0-4e69e3aee972,cef7bc23-ffc0-5051-a479-a25fad303783,provisional,,https://www.procyclingstats.com/race/tour-de-france/2026/startlist,medium,2026-06-30T00:00:00Z,2026-06-30T00:00:00Z
90ebe60c-6896-51d6-a143-15bb8e01e8a7,a0cfee7f-5789-5a71-9e03-a9cfe59d5c27,d3b9a75e-b409-5584-be3c-4a6e6b19934a,cef7bc23-ffc0-5051-a479-a25fad303783,provisional,,https://www.procyclingstats.com/race/tour-de-france/2026/startlist,medium,2026-06-30T00:00:00Z,2026-06-30T00:00:00Z
33cf188e-e67c-5588-bc91-9b3bd804edf9,a0cfee7f-5789-5a71-9e03-a9cfe59d5c27,8694de12-5bd7-5d2a-8eca-b3fec3605082,cef7bc23-ffc0-5051-a479-a25fad303783,provisional,,https://www.procyclingstats.com/race/tour-de-france/2026/startlist,medium,2026-06-30T00:00:00Z,2026-06-30T00:00:00Z
4bd5fb7b-47c2-51c4-a529-28faf823e735,a0cfee7f-5789-5a71-9e03-a9cfe59d5c27,b35250ba-2779-56d4-8744-9adf3fd4d2d7,cef7bc23-ffc0-5051-a479-a25fad303783,provisional,,https://www.procyclingstats.com/race/tour-de-france/2026/startlist,medium,2026-06-30T00:00:00Z,2026-06-30T00:00:00Z
171cf715-211e-570a-aefc-e9aba77a44cb,a0cfee7f-5789-5a71-9e03-a9cfe59d5c27,e3c0eb7d-e6f8-5f63-9f05-21e50e33d578,cef7bc23-ffc0-5051-a479-a25fad303783,provisional,,https://www.procyclingstats.com/race/tour-de-france/2026/startlist,medium,2026-06-30T00:00:00Z,2026-06-30T00:00:00Z
8c35efea-92f9-5854-9df0-66881feaa0f5,a0cfee7f-5789-5a71-9e03-a9cfe59d5c27,72965280-79b2-5da8-8a03-118ee5a0d700,cef7bc23-ffc0-5051-a479-a25fad303783,provisional,,https://www.procyclingstats.com/race/tour-de-france/2026/startlist,medium,2026-06-30T00:00:00Z,2026-06-30T00:00:00Z
1b709662-c391-5a95-a101-3fed216ae44f,a0cfee7f-5789-5a71-9e03-a9cfe59d5c27,161ec369-3663-52b0-9f1b-a99e6b11bb5d,cef7bc23-ffc0-5051-a479-a25fad303783,provisional,,https://www.procyclingstats.com/race/tour-de-france/2026/startlist,medium,2026-06-30T00:00:00Z,2026-06-30T00:00:00Z
0ccc1750-22e6-50e3-bf22-238cbbfc773c,a0cfee7f-5789-5a71-9e03-a9cfe59d5c27,fc5329a0-e4ff-5e86-8944-254c6116cf42,cef7bc23-ffc0-5051-a479-a25fad303783,provisional,,https://www.procyclingstats.com/race/tour-de-france/2026/startlist,medium,2026-06-30T00:00:00Z,2026-06-30T00:00:00Z
0adfcea4-c46b-5ffe-9d23-dc135fd506f3,a0cfee7f-5789-5a71-9e03-a9cfe59d5c27,ba5926d0-ed5d-5701-86ae-aefac9a975c0,8a85c223-8448-58e0-9921-ce76799ce536,provisional,,https://www.procyclingstats.com/race/tour-de-france/2026/startlist,medium,2026-06-30T00:00:00Z,2026-06-30T00:00:00Z
437549a1-60df-5073-ad46-540d28120bf7,a0cfee7f-5789-5a71-9e03-a9cfe59d5c27,54a2b472-f37d-59cd-a932-5d3de6af02bc,8a85c223-8448-58e0-9921-ce76799ce536,provisional,,https://www.procyclingstats.com/race/tour-de-france/2026/startlist,medium,2026-06-30T00:00:00Z,2026-06-30T00:00:00Z
c13b294d-1ee9-58fe-92ea-d40d87fa0050,a0cfee7f-5789-5a71-9e03-a9cfe59d5c27,80a6e038-e0f4-5a4d-a9e2-aed5c448c6a5,8a85c223-8448-58e0-9921-ce76799ce536,provisional,,https://www.procyclingstats.com/race/tour-de-france/2026/startlist,medium,2026-06-30T00:00:00Z,2026-06-30T00:00:00Z
20a6e92e-253b-55a7-8c7d-531987c8db76,a0cfee7f-5789-5a71-9e03-a9cfe59d5c27,693e44c8-1b2f-5fcb-a54c-a0f7b7588601,8a85c223-8448-58e0-9921-ce76799ce536,provisional,,https://www.procyclingstats.com/race/tour-de-france/2026/startlist,medium,2026-06-30T00:00:00Z,2026-06-30T00:00:00Z
d29c07a2-3862-5965-a819-3d2f86916f05,a0cfee7f-5789-5a71-9e03-a9cfe59d5c27,3fd0273e-c2d6-5eef-9f26-ff0e7f9c577c,416042a4-a03b-50a1-ac08-10d9ef7788b0,provisional,,https://www.procyclingstats.com/race/tour-de-france/2026/startlist,medium,2026-06-30T00:00:00Z,2026-06-30T00:00:00Z
531100bf-9d8d-577d-9002-c26da38da29e,a0cfee7f-5789-5a71-9e03-a9cfe59d5c27,a4cd7712-478f-59d0-bbb9-a2cea2efada3,416042a4-a03b-50a1-ac08-10d9ef7788b0,provisional,,https://www.procyclingstats.com/race/tour-de-france/2026/startlist,medium,2026-06-30T00:00:00Z,2026-06-30T00:00:00Z
8f6f3de2-f21b-5fbc-a728-3648b2ac0bfb,a0cfee7f-5789-5a71-9e03-a9cfe59d5c27,9662afde-f80b-5b6a-8941-51cb94e657e7,416042a4-a03b-50a1-ac08-10d9ef7788b0,provisional,,https://www.procyclingstats.com/race/tour-de-france/2026/startlist,medium,2026-06-30T00:00:00Z,2026-06-30T00:00:00Z
2341d95f-62c7-5771-a0ae-0cc1e0ba1993,a0cfee7f-5789-5a71-9e03-a9cfe59d5c27,c1b7ba5b-b429-59a8-aa55-ed543759c468,416042a4-a03b-50a1-ac08-10d9ef7788b0,provisional,,https://www.procyclingstats.com/race/tour-de-france/2026/startlist,medium,2026-06-30T00:00:00Z,2026-06-30T00:00:00Z
3336ef02-c1b8-582c-90d9-d320f2052a36,a0cfee7f-5789-5a71-9e03-a9cfe59d5c27,2928ffcf-9fa4-5f1a-b46b-454acbfebfcb,416042a4-a03b-50a1-ac08-10d9ef7788b0,provisional,,https://www.procyclingstats.com/race/tour-de-france/2026/startlist,medium,2026-06-30T00:00:00Z,2026-06-30T00:00:00Z
2f61234f-e0e1-5cb4-ae99-0541310ec5b9,a0cfee7f-5789-5a71-9e03-a9cfe59d5c27,b1bd25af-b3ad-5932-92db-4de0613b53cc,416042a4-a03b-50a1-ac08-10d9ef7788b0,provisional,,https://www.procyclingstats.com/race/tour-de-france/2026/startlist,medium,2026-06-30T00:00:00Z,2026-06-30T00:00:00Z
5875f2e8-3081-5b31-a3b7-3916f596d00c,a0cfee7f-5789-5a71-9e03-a9cfe59d5c27,9f7c0df8-daca-5ddc-97d3-40fdab38ff60,416042a4-a03b-50a1-ac08-10d9ef7788b0,provisional,,https://www.procyclingstats.com/race/tour-de-france/2026/startlist,medium,2026-06-30T00:00:00Z,2026-06-30T00:00:00Z
eb155aa3-44b1-54dc-a6a5-e692210b7f1a,a0cfee7f-5789-5a71-9e03-a9cfe59d5c27,db994ff6-e033-59d9-9f4e-34c974bc8784,416042a4-a03b-50a1-ac08-10d9ef7788b0,provisional,,https://www.procyclingstats.com/race/tour-de-france/2026/startlist,medium,2026-06-30T00:00:00Z,2026-06-30T00:00:00Z
a57aff2f-152a-56b9-b086-3282b920c90b,a0cfee7f-5789-5a71-9e03-a9cfe59d5c27,b0e2ea92-177e-527d-9d55-6e723bf54601,889d8032-f275-566e-80d2-d71d974abaf3,provisional,,https://www.procyclingstats.com/race/tour-de-france/2026/startlist,medium,2026-06-30T00:00:00Z,2026-06-30T00:00:00Z
55ac43f0-1246-56e9-8159-69f8675cd943,a0cfee7f-5789-5a71-9e03-a9cfe59d5c27,e8f3e17f-c9c3-529d-a5b0-a5a3dbdb745b,889d8032-f275-566e-80d2-d71d974abaf3,provisional,,https://www.procyclingstats.com/race/tour-de-france/2026/startlist,medium,2026-06-30T00:00:00Z,2026-06-30T00:00:00Z
aaf9e4fe-69d8-5abf-847b-c24226589633,a0cfee7f-5789-5a71-9e03-a9cfe59d5c27,c1379c90-c95e-555d-a574-798c4a1d02ae,889d8032-f275-566e-80d2-d71d974abaf3,provisional,,https://www.procyclingstats.com/race/tour-de-france/2026/startlist,medium,2026-06-30T00:00:00Z,2026-06-30T00:00:00Z
09052f99-00b6-5957-8c80-cf63831e8b6d,a0cfee7f-5789-5a71-9e03-a9cfe59d5c27,8d198e7a-109f-5c70-ad01-7d25f05143e3,889d8032-f275-566e-80d2-d71d974abaf3,provisional,,https://www.procyclingstats.com/race/tour-de-france/2026/startlist,medium,2026-06-30T00:00:00Z,2026-06-30T00:00:00Z
839c8535-bdec-5001-94d0-532fc6c5b438,a0cfee7f-5789-5a71-9e03-a9cfe59d5c27,4a0a4781-d7f6-5f52-9c72-8726416c0270,889d8032-f275-566e-80d2-d71d974abaf3,provisional,,https://www.procyclingstats.com/race/tour-de-france/2026/startlist,medium,2026-06-30T00:00:00Z,2026-06-30T00:00:00Z
9569cbee-4d16-594b-90a3-7987da4fd336,a0cfee7f-5789-5a71-9e03-a9cfe59d5c27,9030eaad-77b9-5d8f-97f2-e273551db83d,889d8032-f275-566e-80d2-d71d974abaf3,provisional,,https://www.procyclingstats.com/race/tour-de-france/2026/startlist,medium,2026-06-30T00:00:00Z,2026-06-30T00:00:00Z
4c1a2ac7-b3e4-502c-86b2-8a24e68aa575,a0cfee7f-5789-5a71-9e03-a9cfe59d5c27,64354697-56c9-501a-9cc5-ec56b1f4ab5f,889d8032-f275-566e-80d2-d71d974abaf3,provisional,,https://www.procyclingstats.com/race/tour-de-france/2026/startlist,medium,2026-06-30T00:00:00Z,2026-06-30T00:00:00Z
b2ebd4a9-8d5f-5574-86bf-b0f8b33330de,a0cfee7f-5789-5a71-9e03-a9cfe59d5c27,e135ca37-cd80-57e1-b07f-d484f1328d38,889d8032-f275-566e-80d2-d71d974abaf3,provisional,,https://www.procyclingstats.com/race/tour-de-france/2026/startlist,medium,2026-06-30T00:00:00Z,2026-06-30T00:00:00Z
8f918ac8-7d2d-5575-afbe-fae48a16994c,a0cfee7f-5789-5a71-9e03-a9cfe59d5c27,798b0cfe-46d3-5805-aee5-fef619bc44a9,8025501d-dbd0-547b-860a-1e978344ec21,provisional,,https://www.procyclingstats.com/race/tour-de-france/2026/startlist,medium,2026-06-30T00:00:00Z,2026-06-30T00:00:00Z
e30f441a-8858-5c1e-a328-abbeb0648bc9,a0cfee7f-5789-5a71-9e03-a9cfe59d5c27,58d1bd94-6d18-5032-b314-095d71e8c411,8025501d-dbd0-547b-860a-1e978344ec21,provisional,,https://www.procyclingstats.com/race/tour-de-france/2026/startlist,medium,2026-06-30T00:00:00Z,2026-06-30T00:00:00Z
c100d91b-3c99-58c7-80c8-e6be8ea927d7,a0cfee7f-5789-5a71-9e03-a9cfe59d5c27,a0b15cf2-0911-520b-bc76-93dc15c492a8,8025501d-dbd0-547b-860a-1e978344ec21,provisional,,https://www.procyclingstats.com/race/tour-de-france/2026/startlist,medium,2026-06-30T00:00:00Z,2026-06-30T00:00:00Z
c5b69710-55d8-52de-bb21-1535bfc57c7c,a0cfee7f-5789-5a71-9e03-a9cfe59d5c27,048b471b-df59-5167-8893-3243277d7516,8025501d-dbd0-547b-860a-1e978344ec21,provisional,,https://www.procyclingstats.com/race/tour-de-france/2026/startlist,medium,2026-06-30T00:00:00Z,2026-06-30T00:00:00Z
5cbf1aa2-f56b-5316-aacb-b6abb3a3793e,a0cfee7f-5789-5a71-9e03-a9cfe59d5c27,b75e3203-3a4d-51c2-8890-84597b6ff9d3,8025501d-dbd0-547b-860a-1e978344ec21,provisional,,https://www.procyclingstats.com/race/tour-de-france/2026/startlist,medium,2026-06-30T00:00:00Z,2026-06-30T00:00:00Z
63625b04-1243-5c75-9aff-a6b5ee33187b,a0cfee7f-5789-5a71-9e03-a9cfe59d5c27,7b576fcb-0fbe-5ecf-b5ac-254b3190e49c,8025501d-dbd0-547b-860a-1e978344ec21,provisional,,https://www.procyclingstats.com/race/tour-de-france/2026/startlist,medium,2026-06-30T00:00:00Z,2026-06-30T00:00:00Z
1fdac4e1-6609-59bc-a1f3-0e6a2a4f5f3e,a0cfee7f-5789-5a71-9e03-a9cfe59d5c27,765b09ad-4bf9-505f-9038-b9c2be6990bb,8025501d-dbd0-547b-860a-1e978344ec21,provisional,,https://www.procyclingstats.com/race/tour-de-france/2026/startlist,medium,2026-06-30T00:00:00Z,2026-06-30T00:00:00Z
4ea06096-ecf6-5180-bc8a-3319f85f89b4,a0cfee7f-5789-5a71-9e03-a9cfe59d5c27,b9cf7d17-3043-556a-9c7a-60a1a1549069,8025501d-dbd0-547b-860a-1e978344ec21,provisional,,https://www.procyclingstats.com/race/tour-de-france/2026/startlist,medium,2026-06-30T00:00:00Z,2026-06-30T00:00:00Z
1a755f69-52e2-54c4-9406-ab01265c5182,a0cfee7f-5789-5a71-9e03-a9cfe59d5c27,3a5bfceb-c04f-5333-bcdb-9442be1a0bdc,4daf242f-037a-52fb-88ea-b5f780106bcc,provisional,,https://www.procyclingstats.com/race/tour-de-france/2026/startlist,medium,2026-06-30T00:00:00Z,2026-06-30T00:00:00Z
40c0fe86-2ab8-5e75-ac98-92ca09f3d254,a0cfee7f-5789-5a71-9e03-a9cfe59d5c27,599087be-aff4-5e92-9d52-4839dcf9238a,4daf242f-037a-52fb-88ea-b5f780106bcc,provisional,,https://www.procyclingstats.com/race/tour-de-france/2026/startlist,medium,2026-06-30T00:00:00Z,2026-06-30T00:00:00Z
ea569e1d-05dd-595c-bf0c-0e2d74234d5b,a0cfee7f-5789-5a71-9e03-a9cfe59d5c27,c72c0d8d-6dba-580a-ba68-06536ff4e82b,4daf242f-037a-52fb-88ea-b5f780106bcc,provisional,,https://www.procyclingstats.com/race/tour-de-france/2026/startlist,medium,2026-06-30T00:00:00Z,2026-06-30T00:00:00Z
f17e2d95-e3a3-5384-b59c-c3cfdee54c4a,a0cfee7f-5789-5a71-9e03-a9cfe59d5c27,8cb5330f-eabe-58d3-b6b0-7db18cf88d69,4daf242f-037a-52fb-88ea-b5f780106bcc,provisional,,https://www.procyclingstats.com/race/tour-de-france/2026/startlist,medium,2026-06-30T00:00:00Z,2026-06-30T00:00:00Z
1b82a1d4-8b06-5b27-8fa3-b2fdf5332d17,a0cfee7f-5789-5a71-9e03-a9cfe59d5c27,fe9e9309-9e11-5a3d-8b3d-3a079f4e8236,4daf242f-037a-52fb-88ea-b5f780106bcc,provisional,,https://www.procyclingstats.com/race/tour-de-france/2026/startlist,medium,2026-06-30T00:00:00Z,2026-06-30T00:00:00Z
ecba2bde-ff74-570e-bd82-a867c28ac21b,a0cfee7f-5789-5a71-9e03-a9cfe59d5c27,5ff66d29-e3b9-5fc9-afb6-d57dd2c842bd,4daf242f-037a-52fb-88ea-b5f780106bcc,provisional,,https://www.procyclingstats.com/race/tour-de-france/2026/startlist,medium,2026-06-30T00:00:00Z,2026-06-30T00:00:00Z
55bdda90-e2fb-5548-a791-5b5894773e23,a0cfee7f-5789-5a71-9e03-a9cfe59d5c27,87529e45-6da3-5a09-977c-5e887ecf3953,4daf242f-037a-52fb-88ea-b5f780106bcc,provisional,,https://www.procyclingstats.com/race/tour-de-france/2026/startlist,medium,2026-06-30T00:00:00Z,2026-06-30T00:00:00Z
928f6467-0796-5f8a-bda5-7bbb93d692d4,a0cfee7f-5789-5a71-9e03-a9cfe59d5c27,db5e6f68-2205-57f1-a902-8ca2f5dde270,4daf242f-037a-52fb-88ea-b5f780106bcc,provisional,,https://www.procyclingstats.com/race/tour-de-france/2026/startlist,medium,2026-06-30T00:00:00Z,2026-06-30T00:00:00Z
d0f3b3d5-9666-54fb-9f4e-50b38c06fde8,a0cfee7f-5789-5a71-9e03-a9cfe59d5c27,edda09e4-fc88-5f2c-8ad5-2a9e589475a2,3921607b-c3eb-5812-9d53-9d4f676087d9,provisional,,https://www.procyclingstats.com/race/tour-de-france/2026/startlist,medium,2026-06-30T00:00:00Z,2026-06-30T00:00:00Z
bd85b5f4-b92e-5513-9f65-92ff04dc7cfb,a0cfee7f-5789-5a71-9e03-a9cfe59d5c27,c02fffc2-bb51-53ae-af93-d666b65ee6ae,3921607b-c3eb-5812-9d53-9d4f676087d9,provisional,,https://www.procyclingstats.com/race/tour-de-france/2026/startlist,medium,2026-06-30T00:00:00Z,2026-06-30T00:00:00Z
7eaf2fec-7dc1-533a-bf7a-6b6fd8400937,a0cfee7f-5789-5a71-9e03-a9cfe59d5c27,3183cf19-1071-5ce1-b0ca-f7908d784930,3921607b-c3eb-5812-9d53-9d4f676087d9,provisional,,https://www.procyclingstats.com/race/tour-de-france/2026/startlist,medium,2026-06-30T00:00:00Z,2026-06-30T00:00:00Z
df56a789-eaae-5030-a0ea-508ee655d636,a0cfee7f-5789-5a71-9e03-a9cfe59d5c27,cad05284-cc48-51dd-883c-249a9de693b6,3921607b-c3eb-5812-9d53-9d4f676087d9,provisional,,https://www.procyclingstats.com/race/tour-de-france/2026/startlist,medium,2026-06-30T00:00:00Z,2026-06-30T00:00:00Z
6613e793-a61d-58e9-aaf8-2d07801ce2bb,a0cfee7f-5789-5a71-9e03-a9cfe59d5c27,77f87312-f5e1-5a71-a7f5-5ece860bf89b,3921607b-c3eb-5812-9d53-9d4f676087d9,provisional,,https://www.procyclingstats.com/race/tour-de-france/2026/startlist,medium,2026-06-30T00:00:00Z,2026-06-30T00:00:00Z
744fc5a4-5796-5c55-ae47-2b900ea77856,a0cfee7f-5789-5a71-9e03-a9cfe59d5c27,f1f42bda-d752-5628-b432-dbb6a559b596,3921607b-c3eb-5812-9d53-9d4f676087d9,provisional,,https://www.procyclingstats.com/race/tour-de-france/2026/startlist,medium,2026-06-30T00:00:00Z,2026-06-30T00:00:00Z
ae0d1202-ca78-5af9-80a1-2b4c158d4a43,a0cfee7f-5789-5a71-9e03-a9cfe59d5c27,249b7766-f897-5b1c-aeb4-7f47792242fc,3921607b-c3eb-5812-9d53-9d4f676087d9,provisional,,https://www.procyclingstats.com/race/tour-de-france/2026/startlist,medium,2026-06-30T00:00:00Z,2026-06-30T00:00:00Z
beef9981-a21b-5df9-a902-586dbc3bfc04,a0cfee7f-5789-5a71-9e03-a9cfe59d5c27,d32f980e-d638-5d60-9703-d74f033345f0,3921607b-c3eb-5812-9d53-9d4f676087d9,provisional,,https://www.procyclingstats.com/race/tour-de-france/2026/startlist,medium,2026-06-30T00:00:00Z,2026-06-30T00:00:00Z
fa00e342-8903-5b0c-bebb-b67aaed292db,a0cfee7f-5789-5a71-9e03-a9cfe59d5c27,9b78a863-9ebb-5254-84b2-bdd445d7a037,4ff01bc1-646a-5688-a3c5-48afd774844c,provisional,,https://www.procyclingstats.com/race/tour-de-france/2026/startlist,medium,2026-06-30T00:00:00Z,2026-06-30T00:00:00Z
57be0206-ffde-5db0-8796-fd6c3364184d,a0cfee7f-5789-5a71-9e03-a9cfe59d5c27,25c4f996-a7b1-5b3c-98d3-fd197dcc59aa,4ff01bc1-646a-5688-a3c5-48afd774844c,provisional,,https://www.procyclingstats.com/race/tour-de-france/2026/startlist,medium,2026-06-30T00:00:00Z,2026-06-30T00:00:00Z
10682fcd-1569-5afc-a140-f5ca7598e979,a0cfee7f-5789-5a71-9e03-a9cfe59d5c27,8b6b639d-de4d-5212-957d-dcdf720196c0,4ff01bc1-646a-5688-a3c5-48afd774844c,provisional,,https://www.procyclingstats.com/race/tour-de-france/2026/startlist,medium,2026-06-30T00:00:00Z,2026-06-30T00:00:00Z
d9f2d38c-09a8-5f48-9744-fdedd816c5c4,a0cfee7f-5789-5a71-9e03-a9cfe59d5c27,51dcff22-a00e-5656-af24-4c131546f341,4ff01bc1-646a-5688-a3c5-48afd774844c,provisional,,https://www.procyclingstats.com/race/tour-de-france/2026/startlist,medium,2026-06-30T00:00:00Z,2026-06-30T00:00:00Z
7455fd03-bffd-51a3-a809-9d7a024159c3,a0cfee7f-5789-5a71-9e03-a9cfe59d5c27,320a8abb-041c-5bdc-b165-4843b0ed77a3,4ff01bc1-646a-5688-a3c5-48afd774844c,provisional,,https://www.procyclingstats.com/race/tour-de-france/2026/startlist,medium,2026-06-30T00:00:00Z,2026-06-30T00:00:00Z
6b6ee5c7-2226-590a-93e4-2463dea5aa4e,a0cfee7f-5789-5a71-9e03-a9cfe59d5c27,13ee15fc-cc6b-5f7a-ad91-0e5c0e305f70,4ff01bc1-646a-5688-a3c5-48afd774844c,provisional,,https://www.procyclingstats.com/race/tour-de-france/2026/startlist,medium,2026-06-30T00:00:00Z,2026-06-30T00:00:00Z
cb10b202-acab-5d6a-8d01-dee451b02236,a0cfee7f-5789-5a71-9e03-a9cfe59d5c27,26d6b95b-514b-5c60-8078-05377e897809,4ff01bc1-646a-5688-a3c5-48afd774844c,provisional,,https://www.procyclingstats.com/race/tour-de-france/2026/startlist,medium,2026-06-30T00:00:00Z,2026-06-30T00:00:00Z
28e0ff99-779b-5c18-a0ce-bc0e23a83a32,a0cfee7f-5789-5a71-9e03-a9cfe59d5c27,b6aa6179-af5b-5fa2-998c-d53305a4f4c9,4ff01bc1-646a-5688-a3c5-48afd774844c,provisional,,https://www.procyclingstats.com/race/tour-de-france/2026/startlist,medium,2026-06-30T00:00:00Z,2026-06-30T00:00:00Z
b6782356-88a2-5713-995a-914af8d89883,a0cfee7f-5789-5a71-9e03-a9cfe59d5c27,b1045be9-3160-5830-8456-15698ec780d1,4ada786a-f38e-5c90-9b42-6ac559088bcd,provisional,,https://www.procyclingstats.com/race/tour-de-france/2026/startlist,medium,2026-06-30T00:00:00Z,2026-06-30T00:00:00Z
cfa80217-a610-52db-bb4c-193aaa6e6913,a0cfee7f-5789-5a71-9e03-a9cfe59d5c27,1f86bd65-1d2e-574a-b0d5-b0dd23424ee4,4ada786a-f38e-5c90-9b42-6ac559088bcd,provisional,,https://www.procyclingstats.com/race/tour-de-france/2026/startlist,medium,2026-06-30T00:00:00Z,2026-06-30T00:00:00Z
aaa33144-67ea-5bbe-8c01-f815cb1ec446,a0cfee7f-5789-5a71-9e03-a9cfe59d5c27,47409c13-050e-583c-a2e8-2b2e0b0f9b5b,4ada786a-f38e-5c90-9b42-6ac559088bcd,provisional,,https://www.procyclingstats.com/race/tour-de-france/2026/startlist,medium,2026-06-30T00:00:00Z,2026-06-30T00:00:00Z
c0736647-566c-50ce-bd97-b921e25bc502,a0cfee7f-5789-5a71-9e03-a9cfe59d5c27,b9311ed4-6e61-5ae2-85aa-73e59bb0f366,4ada786a-f38e-5c90-9b42-6ac559088bcd,provisional,,https://www.procyclingstats.com/race/tour-de-france/2026/startlist,medium,2026-06-30T00:00:00Z,2026-06-30T00:00:00Z
299c2f3a-6f18-591b-ab5b-f75818bda13f,a0cfee7f-5789-5a71-9e03-a9cfe59d5c27,e7baff1e-4f4c-583a-a633-09846c501d72,4ada786a-f38e-5c90-9b42-6ac559088bcd,provisional,,https://www.procyclingstats.com/race/tour-de-france/2026/startlist,medium,2026-06-30T00:00:00Z,2026-06-30T00:00:00Z
3a477550-b825-5add-90ea-687a677e78da,a0cfee7f-5789-5a71-9e03-a9cfe59d5c27,e09f1ad9-3053-502a-8750-1d4c695e627f,4ada786a-f38e-5c90-9b42-6ac559088bcd,provisional,,https://www.procyclingstats.com/race/tour-de-france/2026/startlist,medium,2026-06-30T00:00:00Z,2026-06-30T00:00:00Z
059811c3-c1dc-5691-b494-58e1a6d8d81f,a0cfee7f-5789-5a71-9e03-a9cfe59d5c27,4d79f507-cbfd-5085-a29c-cf96fd93f940,4ada786a-f38e-5c90-9b42-6ac559088bcd,provisional,,https://www.procyclingstats.com/race/tour-de-france/2026/startlist,medium,2026-06-30T00:00:00Z,2026-06-30T00:00:00Z
69ae4b94-dd2d-5da4-8c77-fe38549d9cbc,a0cfee7f-5789-5a71-9e03-a9cfe59d5c27,f743ddd5-4101-5114-9dad-581f75c794b0,4ada786a-f38e-5c90-9b42-6ac559088bcd,provisional,,https://www.procyclingstats.com/race/tour-de-france/2026/startlist,medium,2026-06-30T00:00:00Z,2026-06-30T00:00:00Z
b2077058-b220-58db-8c53-49730b351236,a0cfee7f-5789-5a71-9e03-a9cfe59d5c27,05343dfa-56cf-5812-8916-9a0974094a21,afd20c6c-1510-54e5-a749-8ddfa3f636b8,provisional,,https://www.procyclingstats.com/race/tour-de-france/2026/startlist,medium,2026-06-30T00:00:00Z,2026-06-30T00:00:00Z
140f8f6a-9a5d-533d-8c4c-7799bf858a48,a0cfee7f-5789-5a71-9e03-a9cfe59d5c27,65661621-d9d6-5166-9956-10ee6ef115de,afd20c6c-1510-54e5-a749-8ddfa3f636b8,provisional,,https://www.procyclingstats.com/race/tour-de-france/2026/startlist,medium,2026-06-30T00:00:00Z,2026-06-30T00:00:00Z
0df2abe2-c32b-53f2-a609-64e0e637d5fd,a0cfee7f-5789-5a71-9e03-a9cfe59d5c27,5becbd99-8ef9-5e45-a971-a09ce03c2f11,afd20c6c-1510-54e5-a749-8ddfa3f636b8,provisional,,https://www.procyclingstats.com/race/tour-de-france/2026/startlist,medium,2026-06-30T00:00:00Z,2026-06-30T00:00:00Z
643bf8c7-d6e6-52c1-8d71-0f01d12dec4a,a0cfee7f-5789-5a71-9e03-a9cfe59d5c27,403a2342-8e37-50cf-81be-efeb5bea34ab,afd20c6c-1510-54e5-a749-8ddfa3f636b8,provisional,,https://www.procyclingstats.com/race/tour-de-france/2026/startlist,medium,2026-06-30T00:00:00Z,2026-06-30T00:00:00Z
060650a3-a665-5d88-8e78-febb23a757ae,a0cfee7f-5789-5a71-9e03-a9cfe59d5c27,93e7b81c-ed93-596d-be16-b35b4586b88a,afd20c6c-1510-54e5-a749-8ddfa3f636b8,provisional,,https://www.procyclingstats.com/race/tour-de-france/2026/startlist,medium,2026-06-30T00:00:00Z,2026-06-30T00:00:00Z
6c369230-206f-54dd-8670-69b7bc8f3aa2,a0cfee7f-5789-5a71-9e03-a9cfe59d5c27,4cc52875-39f6-5ef8-9198-932f79a99eac,afd20c6c-1510-54e5-a749-8ddfa3f636b8,provisional,,https://www.procyclingstats.com/race/tour-de-france/2026/startlist,medium,2026-06-30T00:00:00Z,2026-06-30T00:00:00Z
a65786e6-491d-5b5b-a131-391f5d757de8,a0cfee7f-5789-5a71-9e03-a9cfe59d5c27,48e5fe13-802d-5622-8225-4fa54947c0d8,afd20c6c-1510-54e5-a749-8ddfa3f636b8,provisional,,https://www.procyclingstats.com/race/tour-de-france/2026/startlist,medium,2026-06-30T00:00:00Z,2026-06-30T00:00:00Z
4fada0e5-97a4-52c2-a72b-1fc4a858bf51,a0cfee7f-5789-5a71-9e03-a9cfe59d5c27,a14aa4c5-6a04-5f82-81f9-7e87fd66dd24,afd20c6c-1510-54e5-a749-8ddfa3f636b8,provisional,,https://www.procyclingstats.com/race/tour-de-france/2026/startlist,medium,2026-06-30T00:00:00Z,2026-06-30T00:00:00Z
c5fe83c9-b5ca-51ea-974f-c8b68e0bf170,a0cfee7f-5789-5a71-9e03-a9cfe59d5c27,08723aeb-4e5d-55c9-9cc8-01035f0eb484,8ebca40c-ecd8-5577-ba01-af763b231862,provisional,,https://www.procyclingstats.com/race/tour-de-france/2026/startlist,medium,2026-06-30T00:00:00Z,2026-06-30T00:00:00Z
4dd470ce-b34d-58c6-bda8-038bf09f390b,a0cfee7f-5789-5a71-9e03-a9cfe59d5c27,38121f5a-1342-55f5-be69-2cb31d4a9d50,8ebca40c-ecd8-5577-ba01-af763b231862,provisional,,https://www.procyclingstats.com/race/tour-de-france/2026/startlist,medium,2026-06-30T00:00:00Z,2026-06-30T00:00:00Z
0ec7b1a3-d9b6-50e5-8427-18f905c6a1db,a0cfee7f-5789-5a71-9e03-a9cfe59d5c27,2b5682f6-6767-53ad-bf81-3b40b0eafef6,8ebca40c-ecd8-5577-ba01-af763b231862,provisional,,https://www.procyclingstats.com/race/tour-de-france/2026/startlist,medium,2026-06-30T00:00:00Z,2026-06-30T00:00:00Z
f9cda5af-d31d-5f42-9bc1-2f73e9151de9,a0cfee7f-5789-5a71-9e03-a9cfe59d5c27,c84cf5c6-510d-5d04-a8c3-ce4a31d9b2ce,8ebca40c-ecd8-5577-ba01-af763b231862,provisional,,https://www.procyclingstats.com/race/tour-de-france/2026/startlist,medium,2026-06-30T00:00:00Z,2026-06-30T00:00:00Z
5c2c98fb-e48d-5ff3-8ac8-001a74bc8b93,a0cfee7f-5789-5a71-9e03-a9cfe59d5c27,9f90c5d3-1438-5b33-a00e-7fb43545f0c6,8ebca40c-ecd8-5577-ba01-af763b231862,provisional,,https://www.procyclingstats.com/race/tour-de-france/2026/startlist,medium,2026-06-30T00:00:00Z,2026-06-30T00:00:00Z
c938157f-1138-5c29-8b1e-ed518234c1a8,a0cfee7f-5789-5a71-9e03-a9cfe59d5c27,054e27c6-c455-5cc4-9f13-d6efa31f7921,8ebca40c-ecd8-5577-ba01-af763b231862,provisional,,https://www.procyclingstats.com/race/tour-de-france/2026/startlist,medium,2026-06-30T00:00:00Z,2026-06-30T00:00:00Z
2d6f50c8-ee10-5455-9987-ef3e37e3d70e,a0cfee7f-5789-5a71-9e03-a9cfe59d5c27,abfa5a32-268d-5de5-a27b-f927cdea78a1,8ebca40c-ecd8-5577-ba01-af763b231862,provisional,,https://www.procyclingstats.com/race/tour-de-france/2026/startlist,medium,2026-06-30T00:00:00Z,2026-06-30T00:00:00Z
3800aec9-b528-5058-bc5f-1b811f8e29d7,a0cfee7f-5789-5a71-9e03-a9cfe59d5c27,e8c362af-be19-5be0-8508-a4fa6b47e5d4,8ebca40c-ecd8-5577-ba01-af763b231862,provisional,,https://www.procyclingstats.com/race/tour-de-france/2026/startlist,medium,2026-06-30T00:00:00Z,2026-06-30T00:00:00Z
c3a9f2d9-dd1f-5dbe-bf8c-95ae6bd79788,a0cfee7f-5789-5a71-9e03-a9cfe59d5c27,a631d0ba-bfac-5d37-af79-c9ecf9313f95,ad468825-a1d9-53e6-a031-2874986830fe,provisional,,https://www.procyclingstats.com/race/tour-de-france/2026/startlist,medium,2026-06-30T00:00:00Z,2026-06-30T00:00:00Z
fd2d454c-ce7e-5c4c-bb48-184c84964388,a0cfee7f-5789-5a71-9e03-a9cfe59d5c27,58b7bebb-c6ad-500b-b56f-a321c9a154ef,ad468825-a1d9-53e6-a031-2874986830fe,provisional,,https://www.procyclingstats.com/race/tour-de-france/2026/startlist,medium,2026-06-30T00:00:00Z,2026-06-30T00:00:00Z
09564ecb-152d-54b4-ba7f-41cb04a41b24,a0cfee7f-5789-5a71-9e03-a9cfe59d5c27,e91251cb-5a0f-5035-a96e-3f2fe288c7b6,ad468825-a1d9-53e6-a031-2874986830fe,provisional,,https://www.procyclingstats.com/race/tour-de-france/2026/startlist,medium,2026-06-30T00:00:00Z,2026-06-30T00:00:00Z
b300945d-79cf-5d8b-9232-2ec5321ac774,a0cfee7f-5789-5a71-9e03-a9cfe59d5c27,d4911b26-5c89-53f0-98f9-5bcaf6dbdda4,ad468825-a1d9-53e6-a031-2874986830fe,provisional,,https://www.procyclingstats.com/race/tour-de-france/2026/startlist,medium,2026-06-30T00:00:00Z,2026-06-30T00:00:00Z
395f3d75-1804-5c2c-9dd6-9fea67057951,a0cfee7f-5789-5a71-9e03-a9cfe59d5c27,c8207ae8-22e0-57f4-9bbb-44bcb397ac63,ad468825-a1d9-53e6-a031-2874986830fe,provisional,,https://www.procyclingstats.com/race/tour-de-france/2026/startlist,medium,2026-06-30T00:00:00Z,2026-06-30T00:00:00Z
d1028d48-ad41-57a5-8596-6e43e1944ff4,a0cfee7f-5789-5a71-9e03-a9cfe59d5c27,f5cdb578-bf85-5bf7-abdb-7feb3f3f9f62,ad468825-a1d9-53e6-a031-2874986830fe,provisional,,https://www.procyclingstats.com/race/tour-de-france/2026/startlist,medium,2026-06-30T00:00:00Z,2026-06-30T00:00:00Z
ef55ec28-e0c5-510e-9ff3-5ffc8efda529,a0cfee7f-5789-5a71-9e03-a9cfe59d5c27,d15f5822-b4aa-57b0-a2a5-450e1225d19b,ad468825-a1d9-53e6-a031-2874986830fe,provisional,,https://www.procyclingstats.com/race/tour-de-france/2026/startlist,medium,2026-06-30T00:00:00Z,2026-06-30T00:00:00Z
c2abf864-4c96-590f-87f8-c101b2bed20e,a0cfee7f-5789-5a71-9e03-a9cfe59d5c27,5ed72848-deae-5543-907e-881dd7a93e1d,ad468825-a1d9-53e6-a031-2874986830fe,provisional,,https://www.procyclingstats.com/race/tour-de-france/2026/startlist,medium,2026-06-30T00:00:00Z,2026-06-30T00:00:00Z
05cb6f32-a753-54e0-b460-ed23ea9d49ff,a0cfee7f-5789-5a71-9e03-a9cfe59d5c27,d37be1f2-1d19-5f91-bd1e-bbb23c91ecbd,bfe14a53-e9da-53fa-9558-32bb4dba6b1a,provisional,,https://www.procyclingstats.com/race/tour-de-france/2026/startlist,medium,2026-06-30T00:00:00Z,2026-06-30T00:00:00Z
d71f6cf5-fa3b-5607-be1f-1f27b4f4b71a,a0cfee7f-5789-5a71-9e03-a9cfe59d5c27,2722f6ef-edbb-5666-b6fd-3bb53e023fa4,bfe14a53-e9da-53fa-9558-32bb4dba6b1a,provisional,,https://www.procyclingstats.com/race/tour-de-france/2026/startlist,medium,2026-06-30T00:00:00Z,2026-06-30T00:00:00Z
0f823571-4a2e-552a-9e43-8f87c9a01cc5,a0cfee7f-5789-5a71-9e03-a9cfe59d5c27,15a93de2-983e-55c8-b153-c204eb3e97cc,bfe14a53-e9da-53fa-9558-32bb4dba6b1a,provisional,,https://www.procyclingstats.com/race/tour-de-france/2026/startlist,medium,2026-06-30T00:00:00Z,2026-06-30T00:00:00Z
636d59ec-2b53-5335-8046-1f82e0d1a0c1,a0cfee7f-5789-5a71-9e03-a9cfe59d5c27,1cbe7ffe-8220-5a63-b97e-03e977751a25,bfe14a53-e9da-53fa-9558-32bb4dba6b1a,provisional,,https://www.procyclingstats.com/race/tour-de-france/2026/startlist,medium,2026-06-30T00:00:00Z,2026-06-30T00:00:00Z
2d719e40-75ee-5ce7-80ce-4dbe31077650,a0cfee7f-5789-5a71-9e03-a9cfe59d5c27,f7d7f674-1b36-53ef-8ad9-4f2dd7e9532a,bfe14a53-e9da-53fa-9558-32bb4dba6b1a,provisional,,https://www.procyclingstats.com/race/tour-de-france/2026/startlist,medium,2026-06-30T00:00:00Z,2026-06-30T00:00:00Z
5bbb24be-c014-590b-8212-884adb3982bd,a0cfee7f-5789-5a71-9e03-a9cfe59d5c27,48a27671-db14-5e6e-92fd-992ddbd99b4d,bfe14a53-e9da-53fa-9558-32bb4dba6b1a,provisional,,https://www.procyclingstats.com/race/tour-de-france/2026/startlist,medium,2026-06-30T00:00:00Z,2026-06-30T00:00:00Z
50896a02-1486-5a12-903e-964661df5078,a0cfee7f-5789-5a71-9e03-a9cfe59d5c27,27eae15f-a1e7-5418-8cf9-cbc82975ae92,bfe14a53-e9da-53fa-9558-32bb4dba6b1a,provisional,,https://www.procyclingstats.com/race/tour-de-france/2026/startlist,medium,2026-06-30T00:00:00Z,2026-06-30T00:00:00Z
e9ac71bd-a646-5a42-b77c-be71b07d1c59,a0cfee7f-5789-5a71-9e03-a9cfe59d5c27,da58d77d-00f8-526f-a70f-8a3abafead27,bfe14a53-e9da-53fa-9558-32bb4dba6b1a,provisional,,https://www.procyclingstats.com/race/tour-de-france/2026/startlist,medium,2026-06-30T00:00:00Z,2026-06-30T00:00:00Z
515dfed1-3414-54d6-b64f-2f4deb72f24d,a0cfee7f-5789-5a71-9e03-a9cfe59d5c27,3e6f05bb-47d5-5b8b-b266-3a063b588f60,32c7c9f2-8154-5bd6-b810-0e3fe760e560,provisional,,https://www.procyclingstats.com/race/tour-de-france/2026/startlist,medium,2026-06-30T00:00:00Z,2026-06-30T00:00:00Z
349a169a-0d89-5f9f-b2ed-0c704ea89013,a0cfee7f-5789-5a71-9e03-a9cfe59d5c27,11e8f2d7-7c25-528d-898d-45f993b52d8c,32c7c9f2-8154-5bd6-b810-0e3fe760e560,provisional,,https://www.procyclingstats.com/race/tour-de-france/2026/startlist,medium,2026-06-30T00:00:00Z,2026-06-30T00:00:00Z
fd1686e7-8550-550b-8b69-14f8824ac8e0,a0cfee7f-5789-5a71-9e03-a9cfe59d5c27,cbb1a9b6-854f-55a2-b4b8-bb5897bfd81d,32c7c9f2-8154-5bd6-b810-0e3fe760e560,provisional,,https://www.procyclingstats.com/race/tour-de-france/2026/startlist,medium,2026-06-30T00:00:00Z,2026-06-30T00:00:00Z
d75217e3-db1c-5ab0-8985-23f1151d1712,a0cfee7f-5789-5a71-9e03-a9cfe59d5c27,71b158db-f0a9-5cca-b529-cc2f7a22c048,32c7c9f2-8154-5bd6-b810-0e3fe760e560,provisional,,https://www.procyclingstats.com/race/tour-de-france/2026/startlist,medium,2026-06-30T00:00:00Z,2026-06-30T00:00:00Z
39e01b19-4a94-5090-8312-c1a6c1b5681d,a0cfee7f-5789-5a71-9e03-a9cfe59d5c27,ddf25603-e7aa-59d2-b465-8b062a4c8978,32c7c9f2-8154-5bd6-b810-0e3fe760e560,provisional,,https://www.procyclingstats.com/race/tour-de-france/2026/startlist,medium,2026-06-30T00:00:00Z,2026-06-30T00:00:00Z
f466b792-f421-5aa3-bffc-5ceb3ed88a62,a0cfee7f-5789-5a71-9e03-a9cfe59d5c27,df15be7c-4133-5579-94f7-a72e7382b496,32c7c9f2-8154-5bd6-b810-0e3fe760e560,provisional,,https://www.procyclingstats.com/race/tour-de-france/2026/startlist,medium,2026-06-30T00:00:00Z,2026-06-30T00:00:00Z
9ec5d8fc-7cc9-5bb0-a2df-971811c845d8,a0cfee7f-5789-5a71-9e03-a9cfe59d5c27,11707a50-adfd-5132-8771-a59a2e6a6954,32c7c9f2-8154-5bd6-b810-0e3fe760e560,provisional,,https://www.procyclingstats.com/race/tour-de-france/2026/startlist,medium,2026-06-30T00:00:00Z,2026-06-30T00:00:00Z
16d3b605-b889-58ae-ba0d-64adab0ac195,a0cfee7f-5789-5a71-9e03-a9cfe59d5c27,b3cb89fc-e531-5ce8-add7-f56526a0c9e6,32c7c9f2-8154-5bd6-b810-0e3fe760e560,provisional,,https://www.procyclingstats.com/race/tour-de-france/2026/startlist,medium,2026-06-30T00:00:00Z,2026-06-30T00:00:00Z
3cc8042b-9437-54d2-9bb1-1da6811852e0,a0cfee7f-5789-5a71-9e03-a9cfe59d5c27,16b1ee60-1fbd-5b74-92e2-e7fe945d4073,ae21de29-5097-5066-9f8f-9ef797b2b4ff,provisional,,https://www.procyclingstats.com/race/tour-de-france/2026/startlist,medium,2026-06-30T00:00:00Z,2026-06-30T00:00:00Z
e7164b20-907e-5e6b-9446-c205c67378f5,a0cfee7f-5789-5a71-9e03-a9cfe59d5c27,15a2f6ef-0a9f-5498-ad6e-5fcee8ac5668,ae21de29-5097-5066-9f8f-9ef797b2b4ff,provisional,,https://www.procyclingstats.com/race/tour-de-france/2026/startlist,medium,2026-06-30T00:00:00Z,2026-06-30T00:00:00Z
20569e73-18a0-5073-9883-f1cc5a4bb3c7,a0cfee7f-5789-5a71-9e03-a9cfe59d5c27,4f1666f6-ea57-5d30-9e07-6a73c10e5e39,ae21de29-5097-5066-9f8f-9ef797b2b4ff,provisional,,https://www.procyclingstats.com/race/tour-de-france/2026/startlist,medium,2026-06-30T00:00:00Z,2026-06-30T00:00:00Z
